file,category,number,illustration
minuman-illustration-1.svg,minuman,1,Air mineral / botol air
minuman-illustration-2.svg,minuman,2,Kopi sachet
minuman-illustration-3.svg,minuman,3,Teh kemasan
minuman-illustration-4.svg,minuman,4,Minuman kaleng
minuman-illustration-5.svg,minuman,5,Susu
minuman-illustration-6.svg,minuman,6,Jus jeruk
makanan-illustration-1.svg,makanan,1,Mi instan
makanan-illustration-2.svg,makanan,2,Nasi kotak / makanan siap saji
makanan-illustration-3.svg,makanan,3,Roti tawar
makanan-illustration-4.svg,makanan,4,Biskuit / crackers
makanan-illustration-5.svg,makanan,5,Ayam goreng
makanan-illustration-6.svg,makanan,6,Keripik
sembako-illustration-1.svg,sembako,1,Beras
sembako-illustration-2.svg,sembako,2,Gula
sembako-illustration-3.svg,sembako,3,Minyak goreng
sembako-illustration-4.svg,sembako,4,Tepung
sembako-illustration-5.svg,sembako,5,Telur
sembako-illustration-6.svg,sembako,6,Garam / bahan pokok kemasan
rumah-tangga-illustration-1.svg,rumah-tangga,1,Sabun cuci piring
rumah-tangga-illustration-2.svg,rumah-tangga,2,Deterjen
rumah-tangga-illustration-3.svg,rumah-tangga,3,Tisu
rumah-tangga-illustration-4.svg,rumah-tangga,4,Cairan pembersih
rumah-tangga-illustration-5.svg,rumah-tangga,5,Spons cuci
rumah-tangga-illustration-6.svg,rumah-tangga,6,Pengharum ruangan
lainnya-illustration-1.svg,lainnya,1,Baterai
lainnya-illustration-2.svg,lainnya,2,Lampu
lainnya-illustration-3.svg,lainnya,3,Alat tulis
lainnya-illustration-4.svg,lainnya,4,Payung
lainnya-illustration-5.svg,lainnya,5,Kantong plastik
lainnya-illustration-6.svg,lainnya,6,Kotak P3K
